{"_step":0,"average_latency":0.18129641974150246,"metrics_stats":{"faithfulness":{"50%":0.4724702380952381,"75%":0.6299342105263157,"max":1,"count":134,"mean":0.44191457688577057,"std":0.2654239860201886,"min":0,"25%":0.21471291866028708},"semantic_similarity":{"count":134,"mean":0.9140731896535599,"std":0.03558471042388451,"min":0.8188577074469721,"25%":0.8957038233195489,"50%":0.9162030141725073,"75%":0.9390918939720205,"max":0.9794628989031897},"context_recall":{"25%":0,"50%":0.5714285714285714,"75%":1,"max":1,"count":134,"mean":0.5448724575590247,"std":0.43024416002924754,"min":0},"non_llm_context_precision_with_reference":{"75%":0.49999999995,"max":0.99999999995,"count":134,"mean":0.2879353233563992,"std":0.4131576137487017,"min":0,"25%":0,"50%":0},"factual_correctness":{"50%":0.27,"75%":0.46,"max":1,"count":134,"mean":0.30798507462686564,"std":0.21924607608990737,"min":0,"25%":0.17}},"_timestamp":1.7330758275194526e+09,"_runtime":708.715761068,"_wandb":{"runtime":709}}