{"_runtime":1491.008142269,"_wandb":{"runtime":1491},"_step":0,"average_latency":5.393267809455074,"metrics_stats":{"non_llm_context_precision_with_reference":{"25%":0,"50%":0.09999999999,"75%":0.699999999965,"max":0.99999999995,"count":134,"mean":0.35348258703199004,"std":0.4148913286834015,"min":0},"factual_correctness":{"25%":0.195,"50%":0.325,"75%":0.515,"max":1,"count":134,"mean":0.36141791044776117,"std":0.24855719901174325,"min":0},"faithfulness":{"std":0.2798436545917579,"min":0,"25%":0.32333333333333336,"50%":0.5,"75%":0.7213541666666666,"max":1,"count":134,"mean":0.4983086727048503},"semantic_similarity":{"75%":0.9436106487580973,"max":0.9841122675351588,"count":134,"mean":0.9172373639849077,"std":0.03595841542526957,"min":0.8265196586420573,"25%":0.8872224230727972,"50%":0.9236481913648202},"context_recall":{"min":0,"25%":0.16666666666666666,"50%":0.7386363636363636,"75%":1,"max":1,"count":134,"mean":0.6018015359433271,"std":0.41625303422817683}},"_timestamp":1.73307735394174e+09}