{"_runtime":1338.360232299,"_step":0,"_wandb":{"runtime":1338},"average_latency":4.607005576589215,"metrics_stats":{"non_llm_context_precision_with_reference":{"mean":0.24912935321096394,"std":0.3933995800236514,"min":0,"25%":0,"50%":0,"75%":0.49999999995,"max":0.99999999995,"count":134},"factual_correctness":{"std":0.22992942421307044,"min":0,"25%":0.13,"50%":0.27,"75%":0.4875,"max":0.8,"count":134,"mean":0.3076865671641791},"faithfulness":{"std":0.2837193923105559,"min":0,"25%":0.19285714285714284,"50%":0.47058823529411764,"75%":0.6798245614035088,"max":1,"count":134,"mean":0.45257366572108504},"semantic_similarity":{"75%":0.9444065009702459,"max":0.9826457134276143,"count":134,"mean":0.9155682677263641,"std":0.03522809392004718,"min":0.7946088578874652,"25%":0.890689937990842,"50%":0.9167380165134692},"context_recall":{"std":0.4288551077188315,"min":0,"25%":0,"50%":0.5,"75%":1,"max":1,"count":134,"mean":0.5101403157373307}},"_timestamp":1.7330787257436664e+09}