{"average_latency":5.14662916624724,"metrics_stats":{"context_recall":{"mean":0.5987892704310614,"std":0.4245577374420236,"min":0,"25%":0,"50%":0.75,"75%":1,"max":1,"count":134},"non_llm_context_precision_with_reference":{"mean":0.36305970145934696,"std":0.42135637454662483,"min":0,"25%":0,"50%":0.19999999998,"75%":0.8333333332916666,"max":0.99999999995,"count":134},"factual_correctness":{"std":0.24082752305135435,"min":0,"25%":0.18,"50%":0.36,"75%":0.52,"max":0.92,"count":134,"mean":0.36679104477611946},"faithfulness":{"max":1,"count":134,"mean":0.534153395886597,"std":0.280543361918666,"min":0,"25%":0.34832506203473945,"50%":0.5527777777777778,"75%":0.7610294117647058},"semantic_similarity":{"25%":0.8921000181614621,"50%":0.9240269931787197,"75%":0.9486422229202631,"max":0.9841122675351588,"count":133,"mean":0.9181591713484942,"std":0.0386950488310162,"min":0.7881041804428193}},"_timestamp":1.733080185344244e+09,"_wandb":{"runtime":1423},"_runtime":1423.640058394,"_step":0}